key,status,last_outcome,last_error,last_run_at,alternative,alternative_status,action
automotive-world,paused,dead_lettered,http_403,2026-10-04T18:41:20.472665+00:00,Existing official/company/news sources for the same theme,Topic substitute only; source-specific access unresolved,Keep source paused; verify official feed or authorized API/partner path
nature-electronics,paused,dead_lettered,blocked_mime,2026-10-04T12:14:49.221534+00:00,crossref-journal-nature-electronics,success,Official ISSN-filtered DOI bibliography; no journal full-text or RSS bypass
phonearena,paused,dead_lettered,http_403,2026-10-04T08:08:25.447001+00:00,Existing official/company/news sources for the same theme,Topic substitute only; source-specific access unresolved,Keep source paused; verify official feed or authorized API/partner path
tomsguide,paused,dead_lettered,blocked_too_large,2026-10-04T12:22:00.000593+00:00,https://www.tomsguide.com/feeds/all,Rejected: redirects to HTTP /feeds.xml,Keep paused; request an HTTPS bounded official feed
nature-biomedical-engineering,paused,dead_lettered,blocked_mime,2026-10-04T16:16:31.688383+00:00,crossref-journal-nature-biomedical-engineering,success,Official ISSN-filtered DOI bibliography; no journal full-text or RSS bypass
nature-mi-2,paused,dead_lettered,blocked_mime,2026-10-04T08:13:22.786566+00:00,crossref-journal-nature-machine-intelligence,success,Official ISSN-filtered DOI bibliography; no journal full-text or RSS bypass
euractiv-tech,paused,dead_lettered,http_403,2026-10-04T08:08:25.342726+00:00,Existing official/company/news sources for the same theme,Topic substitute only; source-specific access unresolved,Keep source paused; verify official feed or authorized API/partner path
comms-engineering,paused,dead_lettered,blocked_mime,2026-10-04T08:13:22.968441+00:00,crossref-journal-communications-engineering,success,Official ISSN-filtered DOI bibliography; no journal full-text or RSS bypass
npj-robotics,paused,dead_lettered,blocked_mime,2026-10-04T08:13:23.082598+00:00,crossref-journal-npj-robotics,hold,Official ISSN-filtered DOI bibliography; no journal full-text or RSS bypass
ericsson-blog,paused,dead_lettered,http_403,2026-10-04T08:08:25.279875+00:00,Existing official/company/news sources for the same theme,Topic substitute only; source-specific access unresolved,Keep source paused; verify official feed or authorized API/partner path
micronano,paused,dead_lettered,blocked_mime,2026-10-04T08:13:22.966926+00:00,crossref-journal-microsystems-nanoengineering,success,Official ISSN-filtered DOI bibliography; no journal full-text or RSS bypass
openalex-oled,candidate,failed,rate_limited,2026-10-05T06:43:18.629634+00:00,Existing Crossref/Europe PMC/arXiv sources; journal-specific additions,Partial bibliography coverage; not a complete OpenAlex replacement,Retain provider-wide budget/backoff and 24h floor; do not erase historical 429 or force requests
openalex-edge-ai,candidate,failed,rate_limited,2026-10-05T04:42:39.663144+00:00,Existing Crossref/Europe PMC/arXiv sources; journal-specific additions,Partial bibliography coverage; not a complete OpenAlex replacement,Retain provider-wide budget/backoff and 24h floor; do not erase historical 429 or force requests
openalex-neural-processing-unit,candidate,failed,rate_limited,2026-10-05T04:42:40.012128+00:00,Existing Crossref/Europe PMC/arXiv sources; journal-specific additions,Partial bibliography coverage; not a complete OpenAlex replacement,Retain provider-wide budget/backoff and 24h floor; do not erase historical 429 or force requests
openalex-model-quantization,candidate,failed,rate_limited,2026-10-05T04:42:40.024009+00:00,Existing Crossref/Europe PMC/arXiv sources; journal-specific additions,Partial bibliography coverage; not a complete OpenAlex replacement,Retain provider-wide budget/backoff and 24h floor; do not erase historical 429 or force requests
openalex-micro-led,candidate,failed,rate_limited,2026-10-05T04:42:40.266183+00:00,Existing Crossref/Europe PMC/arXiv sources; journal-specific additions,Partial bibliography coverage; not a complete OpenAlex replacement,Retain provider-wide budget/backoff and 24h floor; do not erase historical 429 or force requests
npj-flex-electron,paused,dead_lettered,blocked_mime,2026-10-04T10:13:46.217640+00:00,crossref-journal-npj-flexible-electronics,success,Official ISSN-filtered DOI bibliography; no journal full-text or RSS bypass
openalex-quantum-dot-display,candidate,failed,rate_limited,2026-10-05T04:42:40.342769+00:00,Existing Crossref/Europe PMC/arXiv sources; journal-specific additions,Partial bibliography coverage; not a complete OpenAlex replacement,Retain provider-wide budget/backoff and 24h floor; do not erase historical 429 or force requests
openalex-foldable-display,candidate,failed,rate_limited,2026-10-05T04:42:40.474275+00:00,Existing Crossref/Europe PMC/arXiv sources; journal-specific additions,Partial bibliography coverage; not a complete OpenAlex replacement,Retain provider-wide budget/backoff and 24h floor; do not erase historical 429 or force requests
openalex-flexible-electronics,candidate,failed,rate_limited,2026-10-05T04:42:40.522354+00:00,Existing Crossref/Europe PMC/arXiv sources; journal-specific additions,Partial bibliography coverage; not a complete OpenAlex replacement,Retain provider-wide budget/backoff and 24h floor; do not erase historical 429 or force requests
openalex-augmented-reality-glasses,candidate,failed,rate_limited,2026-10-05T04:44:27.832706+00:00,Existing Crossref/Europe PMC/arXiv sources; journal-specific additions,Partial bibliography coverage; not a complete OpenAlex replacement,Retain provider-wide budget/backoff and 24h floor; do not erase historical 429 or force requests
openalex-haptic-feedback,candidate,failed,rate_limited,2026-10-05T06:43:18.866247+00:00,Existing Crossref/Europe PMC/arXiv sources; journal-specific additions,Partial bibliography coverage; not a complete OpenAlex replacement,Retain provider-wide budget/backoff and 24h floor; do not erase historical 429 or force requests
openalex-digital-therapeutics,candidate,failed,rate_limited,2026-10-05T06:43:18.963519+00:00,Existing Crossref/Europe PMC/arXiv sources; journal-specific additions,Partial bibliography coverage; not a complete OpenAlex replacement,Retain provider-wide budget/backoff and 24h floor; do not erase historical 429 or force requests
openalex-remote-patient-monitoring,candidate,failed,rate_limited,2026-10-05T06:43:19.067619+00:00,Existing Crossref/Europe PMC/arXiv sources; journal-specific additions,Partial bibliography coverage; not a complete OpenAlex replacement,Retain provider-wide budget/backoff and 24h floor; do not erase historical 429 or force requests
openalex-robot-vacuum,candidate,failed,rate_limited,2026-10-05T06:43:19.451664+00:00,Existing Crossref/Europe PMC/arXiv sources; journal-specific additions,Partial bibliography coverage; not a complete OpenAlex replacement,Retain provider-wide budget/backoff and 24h floor; do not erase historical 429 or force requests
openalex-matter-protocol,candidate,failed,rate_limited,2026-10-05T06:43:19.328004+00:00,Existing Crossref/Europe PMC/arXiv sources; journal-specific additions,Partial bibliography coverage; not a complete OpenAlex replacement,Retain provider-wide budget/backoff and 24h floor; do not erase historical 429 or force requests
openalex-wi-fi-7,candidate,failed,rate_limited,2026-10-05T06:43:19.216117+00:00,Existing Crossref/Europe PMC/arXiv sources; journal-specific additions,Partial bibliography coverage; not a complete OpenAlex replacement,Retain provider-wide budget/backoff and 24h floor; do not erase historical 429 or force requests
openalex-5g-advanced,candidate,failed,rate_limited,2026-10-05T06:43:19.197645+00:00,Existing Crossref/Europe PMC/arXiv sources; journal-specific additions,Partial bibliography coverage; not a complete OpenAlex replacement,Retain provider-wide budget/backoff and 24h floor; do not erase historical 429 or force requests
openalex-reconfigurable-intelligent-surface,candidate,failed,rate_limited,2026-10-05T04:42:40.249557+00:00,Existing Crossref/Europe PMC/arXiv sources; journal-specific additions,Partial bibliography coverage; not a complete OpenAlex replacement,Retain provider-wide budget/backoff and 24h floor; do not erase historical 429 or force requests
openalex-spatial-computing,candidate,failed,rate_limited,2026-10-05T06:43:19.084599+00:00,Existing Crossref/Europe PMC/arXiv sources; journal-specific additions,Partial bibliography coverage; not a complete OpenAlex replacement,Retain provider-wide budget/backoff and 24h floor; do not erase historical 429 or force requests
openalex-smartwatch,candidate,failed,rate_limited,2026-10-05T06:43:19.573570+00:00,Existing Crossref/Europe PMC/arXiv sources; journal-specific additions,Partial bibliography coverage; not a complete OpenAlex replacement,Retain provider-wide budget/backoff and 24h floor; do not erase historical 429 or force requests
openalex-hearing-aid,candidate,failed,rate_limited,2026-10-05T06:43:19.601555+00:00,Existing Crossref/Europe PMC/arXiv sources; journal-specific additions,Partial bibliography coverage; not a complete OpenAlex replacement,Retain provider-wide budget/backoff and 24h floor; do not erase historical 429 or force requests
openalex-satellite-direct-to-device,candidate,failed,rate_limited,2026-10-05T04:42:40.390446+00:00,Existing Crossref/Europe PMC/arXiv sources; journal-specific additions,Partial bibliography coverage; not a complete OpenAlex replacement,Retain provider-wide budget/backoff and 24h floor; do not erase historical 429 or force requests
openalex-computational-photography,candidate,failed,rate_limited,2026-10-05T04:42:40.574759+00:00,Existing Crossref/Europe PMC/arXiv sources; journal-specific additions,Partial bibliography coverage; not a complete OpenAlex replacement,Retain provider-wide budget/backoff and 24h floor; do not erase historical 429 or force requests
openalex-image-sensor,candidate,failed,rate_limited,2026-10-05T04:44:27.941045+00:00,Existing Crossref/Europe PMC/arXiv sources; journal-specific additions,Partial bibliography coverage; not a complete OpenAlex replacement,Retain provider-wide budget/backoff and 24h floor; do not erase historical 429 or force requests
openalex-chiplet,candidate,failed,rate_limited,2026-10-05T06:43:18.970383+00:00,Existing Crossref/Europe PMC/arXiv sources; journal-specific additions,Partial bibliography coverage; not a complete OpenAlex replacement,Retain provider-wide budget/backoff and 24h floor; do not erase historical 429 or force requests
openalex-large-language-model-inference,candidate,failed,rate_limited,2026-10-05T06:43:19.314023+00:00,Existing Crossref/Europe PMC/arXiv sources; journal-specific additions,Partial bibliography coverage; not a complete OpenAlex replacement,Retain provider-wide budget/backoff and 24h floor; do not erase historical 429 or force requests
openalex-software-defined-vehicle,candidate,failed,rate_limited,2026-10-05T06:43:19.453383+00:00,Existing Crossref/Europe PMC/arXiv sources; journal-specific additions,Partial bibliography coverage; not a complete OpenAlex replacement,Retain provider-wide budget/backoff and 24h floor; do not erase historical 429 or force requests
openalex-lidar,candidate,failed,rate_limited,2026-10-05T06:43:19.560569+00:00,Existing Crossref/Europe PMC/arXiv sources; journal-specific additions,Partial bibliography coverage; not a complete OpenAlex replacement,Retain provider-wide budget/backoff and 24h floor; do not erase historical 429 or force requests
openalex-battery-management-system,candidate,failed,rate_limited,2026-10-05T06:44:13.334244+00:00,Existing Crossref/Europe PMC/arXiv sources; journal-specific additions,Partial bibliography coverage; not a complete OpenAlex replacement,Retain provider-wide budget/backoff and 24h floor; do not erase historical 429 or force requests
openalex-solid-state-battery,candidate,failed,rate_limited,2026-10-05T04:42:39.774054+00:00,Existing Crossref/Europe PMC/arXiv sources; journal-specific additions,Partial bibliography coverage; not a complete OpenAlex replacement,Retain provider-wide budget/backoff and 24h floor; do not erase historical 429 or force requests
openalex-wireless-charging,candidate,failed,rate_limited,2026-10-05T04:42:39.911750+00:00,Existing Crossref/Europe PMC/arXiv sources; journal-specific additions,Partial bibliography coverage; not a complete OpenAlex replacement,Retain provider-wide budget/backoff and 24h floor; do not erase historical 429 or force requests
openalex-ultra-wideband-positioning,candidate,failed,rate_limited,2026-10-05T04:42:39.921632+00:00,Existing Crossref/Europe PMC/arXiv sources; journal-specific additions,Partial bibliography coverage; not a complete OpenAlex replacement,Retain provider-wide budget/backoff and 24h floor; do not erase historical 429 or force requests
openalex-federated-learning,candidate,failed,rate_limited,2026-10-05T04:42:40.142694+00:00,Existing Crossref/Europe PMC/arXiv sources; journal-specific additions,Partial bibliography coverage; not a complete OpenAlex replacement,Retain provider-wide budget/backoff and 24h floor; do not erase historical 429 or force requests
openalex-on-device-speech-recognition,candidate,failed,rate_limited,2026-10-05T04:42:40.168641+00:00,Existing Crossref/Europe PMC/arXiv sources; journal-specific additions,Partial bibliography coverage; not a complete OpenAlex replacement,Retain provider-wide budget/backoff and 24h floor; do not erase historical 429 or force requests
openalex-works,candidate,failed,rate_limited,2026-10-05T06:42:18.750193+00:00,Existing Crossref/Europe PMC/arXiv sources; journal-specific additions,Partial bibliography coverage; not a complete OpenAlex replacement,Retain provider-wide budget/backoff and 24h floor; do not erase historical 429 or force requests
openalex-6g,candidate,failed,rate_limited,2026-10-05T06:43:18.849070+00:00,Existing Crossref/Europe PMC/arXiv sources; journal-specific additions,Partial bibliography coverage; not a complete OpenAlex replacement,Retain provider-wide budget/backoff and 24h floor; do not erase historical 429 or force requests
openalex-wearable-health,candidate,failed,rate_limited,2026-10-05T06:42:18.575835+00:00,Existing Crossref/Europe PMC/arXiv sources; journal-specific additions,Partial bibliography coverage; not a complete OpenAlex replacement,Retain provider-wide budget/backoff and 24h floor; do not erase historical 429 or force requests
openalex-autonomous-driving,candidate,failed,rate_limited,2026-10-05T06:42:18.967735+00:00,Existing Crossref/Europe PMC/arXiv sources; journal-specific additions,Partial bibliography coverage; not a complete OpenAlex replacement,Retain provider-wide budget/backoff and 24h floor; do not erase historical 429 or force requests
openalex-humanoid,candidate,failed,rate_limited,2026-10-05T06:42:18.877745+00:00,Existing Crossref/Europe PMC/arXiv sources; journal-specific additions,Partial bibliography coverage; not a complete OpenAlex replacement,Retain provider-wide budget/backoff and 24h floor; do not erase historical 429 or force requests
openalex-smart-home,candidate,failed,rate_limited,2026-10-05T06:43:18.764850+00:00,Existing Crossref/Europe PMC/arXiv sources; journal-specific additions,Partial bibliography coverage; not a complete OpenAlex replacement,Retain provider-wide budget/backoff and 24h floor; do not erase historical 429 or force requests
nature-photonics,paused,dead_lettered,blocked_mime,2026-10-04T10:43:33.428725+00:00,crossref-journal-nature-photonics,success,Official ISSN-filtered DOI bibliography; no journal full-text or RSS bypass
semiwiki,paused,dead_lettered,timeout,2026-10-05T11:21:58.900445+00:00,https://semiwiki.com/feed/,15s and 30s requests both timed out,Keep paused; verify provider network/feed availability
