name,country,type,themes,fields,novelty,existing_keys,credibility_basis,evidence_url,collection_url,access_result,feed_entries,priority,cost,caution
ETRI,한국,연구기관,AI; 통신·IoT; 디스플레이·영상·음향; 로봇·모빌리티,ai;connectivity;display_av;robotics_mobility,신규 후보,,ICT 정부출연연구기관; 통신·AI·로봇 연구의 직접 출처,https://etri.re.kr/korcon/sub7/sub7_02.etri,https://www.etri.re.kr/kor/bbs/list.etri?b_board_id=ETRI06,홈/탐색 페이지 HTTP 200; 기사 추출 미검증,,B: HTML 수집 설계 후 검증,"공개 경로 접근; 처리·번역 비용 별도, 이용권 확인 필요",기관 자체 성과 홍보; 논문/외부 보도 교차확인
KISTI,한국,연구기관,클라우드·데이터; AI,cloud_data;ai,신규 후보,,국가 과학기술정보·슈퍼컴퓨팅 연구기관,https://www.kisti.re.kr/,https://www.kisti.re.kr/promote/post/news,홈/탐색 페이지 HTTP 200; 기사 추출 미검증,,B: HTML 수집 설계 후 검증,"공개 경로 접근; 처리·번역 비용 별도, 이용권 확인 필요",기관 자체 성과 홍보; 논문/외부 보도 교차확인
RIKEN,일본,연구기관,AI; 양자·신소재·차세대 기술; 헬스테크,ai;frontier;health_tech,신규 후보,,일본 국립 연구개발기관; AI·양자·뇌과학 연구,https://www.riken.jp/en/about/,https://www.riken.jp/en/feed/press_feed/,"RSS HTTP 200, 50항목; 본문 수집 미검증; 첫 항목 9/3, 32일 경과",50,B: RSS 최신성 확인,"공개 경로 접근; 처리·번역 비용 별도, 이용권 확인 필요",기관 자체 성과 홍보; 논문/외부 보도 교차확인
AIST,일본,연구기관,반도체; 제조; 에너지,semis;manufacturing;energy,신규 후보,,일본 산업기술종합연구소; 응용·산업 연구,https://www.aist.go.jp/aist_e/about_aist/,https://www.aist.go.jp/index_en.html,홈/탐색 페이지 HTTP 200; 기사 추출 미검증; 확인한 RSS 200/0항목,0,B: HTML 수집 설계 후 검증,"공개 경로 접근; 처리·번역 비용 별도, 이용권 확인 필요",기관 자체 성과 홍보; 논문/외부 보도 교차확인
NICT,일본,연구기관,통신·IoT; 보안; 양자·신소재·차세대 기술,connectivity;security;frontier,신규 후보,,일본 정보통신 연구기관; 통신·보안·양자 네트워크,https://www.nict.go.jp/en/about/,https://www.nict.go.jp/en/press/index.html,홈/탐색 페이지 HTTP 200; 기사 추출 미검증,,B: HTML 수집 설계 후 검증,"공개 경로 접근; 처리·번역 비용 별도, 이용권 확인 필요",기관 자체 성과 홍보; 논문/외부 보도 교차확인
CAS,중국,연구기관,반도체; 양자·신소재·차세대 기술; AI,semis;frontier;ai,신규 후보,,중국과학원; 중국 연구기관들의 연구성과 1차 출처,https://english.cas.cn/about-cas/,https://english.cas.cn/newsroom/research-news/,홈/탐색 페이지 HTTP 200; 기사 추출 미검증,,B: HTML 수집 설계 후 검증,"공개 경로 접근; 처리·번역 비용 별도, 이용권 확인 필요",기관 자체 성과 홍보; 논문/외부 보도 교차확인
III,대만,연구기관,플랫폼·개발 SW; 보안; 제조,platform_sw;security;manufacturing,신규 후보,,대만 정보산업 연구기관; 현지 디지털 산업 관점,https://www.iii.org.tw/en/about/iii,https://www.iii.org.tw/en/news/newsroom,홈/탐색 페이지 HTTP 200; 기사 추출 미검증,,B: HTML 수집 설계 후 검증,"공개 경로 접근; 처리·번역 비용 별도, 이용권 확인 필요",기관 자체 성과 홍보; 논문/외부 보도 교차확인
A*STAR Research,싱가포르,연구기관,반도체; 헬스테크; 제조,semis;health_tech;manufacturing,기존 A*STAR의 연구 매체 보완,a-star-news-web,싱가포르 A*STAR 연구성과 전문 발행 채널,https://research.a-star.edu.sg/about/,https://research.a-star.edu.sg/feed/,"RSS HTTP 200, 12항목; 본문 수집 미검증",12,A: 소규모 RSS 파일럿 후보,"공개 경로 접근; 처리·번역 비용 별도, 이용권 확인 필요",기관 자체 성과 홍보; 논문/외부 보도 교차확인
Tech in Asia,싱가포르·동남아,전문매체,플랫폼·개발 SW; 클라우드·데이터; AI,platform_sw;cloud_data;ai,신규 후보,,아시아 기술기업 전문매체 후보; 이번 직접 접근 차단으로 상세 검증 보류,https://www.techinasia.com/,https://www.techinasia.com/,직접 요청 HTTP 403; 수집 불가 판정(이번 환경),,C: 접근/이용조건 해결 후 재검토,공식 피드/제휴·라이선스 조건과 비용 미확정,기사·의견·광고·보도자료 구분; 원문 재배포 권리 미확인
DFKI,독일,연구기관,AI; 로봇·모빌리티; 제조,ai;robotics_mobility;manufacturing,신규 후보,,독일 인공지능 연구센터; 응용 AI·산업 협력,https://www.dfki.de/en/web/about-us,https://www.dfki.de/en/web/news-media/press/press-releases,홈/탐색 페이지 HTTP 200; 기사 추출 미검증,,B: HTML 수집 설계 후 검증,"공개 경로 접근; 처리·번역 비용 별도, 이용권 확인 필요",기관 자체 성과 홍보; 논문/외부 보도 교차확인
pv magazine,독일·국제판,전문매체,에너지,energy,신규 후보,,2008년 베를린 창간; 태양광·저장장치 전문 편집망,https://www.pv-magazine.com/info/about-us/,https://www.pv-magazine.com/feed/,"RSS HTTP 200, 10항목; 본문 수집 미검증",10,A: 소규모 RSS 파일럿 후보,"공개 경로 접근; 처리·번역 비용 별도, 이용권 확인 필요",기사·의견·광고·보도자료 구분; 원문 재배포 권리 미확인
electrive,독일·국제판,전문매체,에너지; 로봇·모빌리티,energy;robotics_mobility,신규 후보,,2011년 시작한 베를린 기반 전기 모빌리티 전문매체,https://www.electrive.com/contact/,https://www.electrive.com/feed/,"RSS HTTP 200, 30항목; 본문 수집 미검증",30,A: 소규모 RSS 파일럿 후보,"공개 경로 접근; 처리·번역 비용 별도, 이용권 확인 필요",기사·의견·광고·보도자료 구분; 원문 재배포 권리 미확인
Inria,프랑스,연구기관,AI; 플랫폼·개발 SW; 보안,ai;platform_sw;security,신규 후보,,프랑스 디지털 과학·기술 국립 연구기관,https://www.inria.fr/en,https://www.inria.fr/en/actualites_evenements,홈/탐색 페이지 HTTP 200; 기사 추출 미검증; 공식 RSS 링크가 HTML로 리다이렉트,0,B: HTML 수집 설계 후 검증,"공개 경로 접근; 처리·번역 비용 별도, 이용권 확인 필요",기관 자체 성과 홍보; 논문/외부 보도 교차확인
CEA,프랑스,연구기관,반도체; 에너지; 양자·신소재·차세대 기술,semis;energy;frontier,기존 CEA-Leti의 모기관 확장,cea-leti-web,프랑스 정부 지원 에너지·디지털·의료 기술 연구기관,https://www.cea.fr/english/Pages/cea/the-cea-a-key-player-in-technological-research.aspx,https://www.cea.fr/english/Pages/news-list.aspx,홈/탐색 페이지 HTTP 200; 기사 추출 미검증,,B: HTML 수집 설계 후 검증,"공개 경로 접근; 처리·번역 비용 별도, 이용권 확인 필요",기관 자체 성과 홍보; 논문/외부 보도 교차확인
CNRS,프랑스,연구기관,양자·신소재·차세대 기술; AI; 헬스테크,frontier;ai;health_tech,신규 후보,,프랑스 국립과학연구센터; 기초·융합 연구,https://www.cnrs.fr/en,https://www.cnrs.fr/en/press,홈/탐색 페이지 HTTP 200; 기사 추출 미검증,,B: HTML 수집 설계 후 검증,"공개 경로 접근; 처리·번역 비용 별도, 이용권 확인 필요",기관 자체 성과 홍보; 논문/외부 보도 교차확인
TNO,네덜란드,연구기관,통신·IoT; 에너지; 제조,connectivity;energy;manufacturing,신규 후보,,네덜란드 응용과학 연구기관; 산업 전환 연구,https://www.tno.nl/en/about-tno/,https://www.tno.nl/en/newsroom/news/,홈/탐색 페이지 HTTP 200; 기사 추출 미검증,,B: HTML 수집 설계 후 검증,"공개 경로 접근; 처리·번역 비용 별도, 이용권 확인 필요",기관 자체 성과 홍보; 논문/외부 보도 교차확인
VTT,핀란드,연구기관,반도체; 에너지; 제조,semis;energy;manufacturing,신규 후보,,핀란드 기술연구기관; 산업 R&D·소재·에너지,https://www.vttresearch.com/en/about-us/what-vtt,https://www.vttresearch.com/en/news-and-stories,홈/탐색 페이지 HTTP 200; 기사 추출 미검증,,B: HTML 수집 설계 후 검증,"공개 경로 접근; 처리·번역 비용 별도, 이용권 확인 필요",기관 자체 성과 홍보; 논문/외부 보도 교차확인
CSEM,스위스,연구기관,반도체; 헬스테크; 디스플레이·영상·음향; 양자·신소재·차세대 기술,semis;health_tech;display_av;frontier,신규 후보,,스위스 기술이전 연구기관; 1984년부터 디지털·정밀 제조·에너지,https://www.csem.ch/en/,https://www.csem.ch/en/news/,홈/탐색 페이지 HTTP 200; 기사 추출 미검증,,B: HTML 수집 설계 후 검증,"공개 경로 접근; 처리·번역 비용 별도, 이용권 확인 필요",기관 자체 성과 홍보; 논문/외부 보도 교차확인
CSIRO,호주,연구기관,AI; 에너지; 제조,ai;energy;manufacturing,신규 후보,,호주 국가 과학기관; 응용 연구·산업 협력,https://www.csiro.au/en/about,https://www.csiro.au/en/News,홈/탐색 페이지 HTTP 200; 기사 추출 미검증,,B: HTML 수집 설계 후 검증,"공개 경로 접근; 처리·번역 비용 별도, 이용권 확인 필요",기관 자체 성과 홍보; 논문/외부 보도 교차확인
NRC Canada,캐나다,연구기관,반도체; 양자·신소재·차세대 기술; 제조,semis;frontier;manufacturing,신규 후보,,캐나다 국가연구위원회; 직접 접근 403으로 수집 검증 보류,https://nrc.canada.ca/en/,https://nrc.canada.ca/en/stories,직접 요청 HTTP 403; 수집 불가 판정(이번 환경),,C: 접근/이용조건 해결 후 재검토,공식 피드/제휴·라이선스 조건과 비용 미확정,기관 자체 성과 홍보; 논문/외부 보도 교차확인
IET E&T,영국,학회매체,통신·IoT; 에너지; 제조,connectivity;energy;manufacturing,신규 후보,,공학 전문단체 IET의 매체; 공학 산업·정책,https://www.theiet.org/about,https://eandt.theiet.org/news,홈/탐색 페이지 HTTP 200; 기사 추출 미검증,,B: HTML 수집 설계 후 검증,"공개 경로 접근; 처리·번역 비용 별도, 이용권 확인 필요",기사·의견·광고·보도자료 구분; 원문 재배포 권리 미확인
optics.org,국제·국가확인보류,전문매체,디스플레이·영상·음향; 양자·신소재·차세대 기술; 반도체,display_av;frontier;semis,신규 후보,,광학·포토닉스 전문 기사 확인; 발행자·국가 검증 추가 필요,https://optics.org/,https://optics.org/news,홈/탐색 페이지 HTTP 200; 기사 추출 미검증,,C: 발행자/인지도 근거 추가 검증,공식 피드/제휴·라이선스 조건과 비용 미확정,기사·의견·광고·보도자료 구분; 원문 재배포 권리 미확인
Display Daily,국제·국가확인보류,전문매체,디스플레이·영상·음향,display_av,신규 후보,,디스플레이 전문매체 후보; 인지도 근거·발행자 추가 확인 필요,https://displaydaily.com/,https://displaydaily.com/,직접 요청 HTTP 403; 수집 불가 판정(이번 환경),,C: 발행자/인지도 근거 추가 검증,공식 피드/제휴·라이선스 조건과 비용 미확정,기사·의견·광고·보도자료 구분; 원문 재배포 권리 미확인
Healthcare IT News,미국·국제판,전문매체,헬스테크; 보안,health_tech;security,신규 후보,,2003년부터 의료 IT·상호운용·보안 전문 보도,https://www.healthcareitnews.com/about-healthcare-it-news,https://www.healthcareitnews.com/,직접 요청 HTTP 403; 수집 불가 판정(이번 환경),,C: 접근/이용조건 해결 후 재검토,공식 피드/제휴·라이선스 조건과 비용 미확정,기사·의견·광고·보도자료 구분; 원문 재배포 권리 미확인
MobiHealthNews,미국·국제판,전문매체,헬스테크,health_tech,신규 후보,,2009년 첫 기사; 디지털 헬스 전문 편집진·지역판,https://www.mobihealthnews.com/about,https://www.mobihealthnews.com/,직접 요청 HTTP 403; 수집 불가 판정(이번 환경),,C: 접근/이용조건 해결 후 재검토,공식 피드/제휴·라이선스 조건과 비용 미확정,기사·의견·광고·보도자료 구분; 원문 재배포 권리 미확인
InfoQ,국제·국가확인보류,전문매체,플랫폼·개발 SW; 클라우드·데이터; AI,platform_sw;cloud_data;ai,기존 InfoQ 중국판의 국제판 보완,infoq-cn,2006년 시작; 실무자 편집·검토 방침을 공개한 소프트웨어 전문매체,https://www.infoq.com/about-infoq/,https://feed.infoq.com/,"RSS HTTP 200, 15항목; 본문 수집 미검증; feed 호스트 robots 406",15,B: RSS 정상·robots 응답 해결,"공개 경로 접근; 처리·번역 비용 별도, 이용권 확인 필요",기사·의견·광고·보도자료 구분; 원문 재배포 권리 미확인
pv magazine India,인도 시장·독일 발행그룹,전문매체,에너지,energy,신규 pv magazine과 동일 발행그룹의 지역판,,"pv magazine의 인도판; 지역 시장 관점, 독립 발행자는 아님",https://www.pv-magazine-india.com/info/about-us/,https://www.pv-magazine-india.com/feed/,"RSS HTTP 200, 10항목; 본문 수집 미검증",10,A: 소규모 RSS 파일럿 후보,"공개 경로 접근; 처리·번역 비용 별도, 이용권 확인 필요",기사·의견·광고·보도자료 구분; 원문 재배포 권리 미확인
