name,url,final_url,http_status,entries,existing_exact_match,readiness,policy,checked_at,applied
Simon Willison blog,https://simonwillison.net/atom/everything/,https://simonwillison.net/atom/everything/,200,30,simon-willison,실응답 확인; 어댑터·정책 검증 후 파일럿,별도 적용 확인 필요,2026-10-05T05:25:24.882341+00:00,False
Martin Fowler,https://martinfowler.com/feed.atom,https://martinfowler.com/feed.atom,200,30,,실응답 확인; 어댑터·정책 검증 후 파일럿,별도 적용 확인 필요,2026-10-05T05:25:24.963910+00:00,False
Julia Evans,https://jvns.ca/atom.xml,https://jvns.ca/atom.xml,200,20,,RSS 접근 가능; AI 처리 정책 확인 전 링크 전용 후보,별도 적용 확인 필요,2026-10-05T05:25:25.211154+00:00,False
Chip Huyen,https://huyenchip.com/feed.xml,https://huyenchip.com/feed.xml,200,10,,저빈도 참고자료; 실시간 동향 대체 불가,별도 적용 확인 필요,2026-10-05T05:25:25.279825+00:00,False
Andrej Karpathy blog,https://karpathy.github.io/feed.xml,https://karpathy.github.io/feed.xml,200,10,,저빈도 참고자료; 실시간 동향 대체 불가,별도 적용 확인 필요,2026-10-05T05:25:25.421356+00:00,False
Hugging Face blog,https://huggingface.co/blog/feed.xml,https://huggingface.co/blog/feed.xml,200,873,huggingface-blog,실응답 확인; 어댑터·정책 검증 후 파일럿,별도 적용 확인 필요,2026-10-05T05:25:25.699557+00:00,False
Google Research,https://research.google/blog/rss/,https://research.google/blog/rss/,200,100,google-research,실응답 확인; 어댑터·정책 검증 후 파일럿,별도 적용 확인 필요,2026-10-05T05:25:25.975327+00:00,False
FreeBSD news RSS,https://www.freebsd.org/news/feed.xml,https://www.freebsd.org/news/feed.xml,200,10,,실응답 확인; 어댑터·정책 검증 후 파일럿,별도 적용 확인 필요,2026-10-05T05:25:26.063035+00:00,False
Zigbee2MQTT releases,https://api.github.com/repos/Koenkk/zigbee2mqtt/releases?per_page=3,https://api.github.com/repos/Koenkk/zigbee2mqtt/releases?per_page=3,200,3,,실응답 확인; 어댑터·정책 검증 후 파일럿,별도 적용 확인 필요,2026-10-05T05:25:26.160623+00:00,False
llama.cpp repository,https://api.github.com/repos/ggml-org/llama.cpp,https://api.github.com/repos/ggml-org/llama.cpp,200,0,,실응답 확인; 어댑터·정책 검증 후 파일럿,별도 적용 확인 필요,2026-10-05T05:25:26.210045+00:00,False
vLLM repository,https://api.github.com/repos/vllm-project/vllm,https://api.github.com/repos/vllm-project/vllm,200,0,,실응답 확인; 어댑터·정책 검증 후 파일럿,별도 적용 확인 필요,2026-10-05T05:25:26.329009+00:00,False
Home Assistant repository,https://api.github.com/repos/home-assistant/core,https://api.github.com/repos/home-assistant/core,200,0,,실응답 확인; 어댑터·정책 검증 후 파일럿,별도 적용 확인 필요,2026-10-05T05:25:26.486776+00:00,False
Zephyr repository,https://api.github.com/repos/zephyrproject-rtos/zephyr,https://api.github.com/repos/zephyrproject-rtos/zephyr,200,0,,실응답 확인; 어댑터·정책 검증 후 파일럿,별도 적용 확인 필요,2026-10-05T05:25:26.495102+00:00,False
OpenTelemetry repository,https://api.github.com/repos/open-telemetry/opentelemetry-collector,https://api.github.com/repos/open-telemetry/opentelemetry-collector,200,0,,실응답 확인; 어댑터·정책 검증 후 파일럿,별도 적용 확인 필요,2026-10-05T05:25:26.543046+00:00,False
HN official top stories,https://hacker-news.firebaseio.com/v0/topstories.json,https://hacker-news.firebaseio.com/v0/topstories.json,200,500,,실응답 확인; 어댑터·정책 검증 후 파일럿,별도 적용 확인 필요,2026-10-05T05:25:26.595733+00:00,False
HF models,https://huggingface.co/api/models?sort=trendingScore&limit=3,https://huggingface.co/api/models?sort=trendingScore&limit=3,200,3,,실응답 확인; 어댑터·정책 검증 후 파일럿,별도 적용 확인 필요,2026-10-05T05:25:26.759663+00:00,False
SEC NVIDIA submissions,https://data.sec.gov/submissions/CIK0001045810.json,https://data.sec.gov/submissions/CIK0001045810.json,200,0,,실응답 확인; 어댑터·정책 검증 후 파일럿,별도 적용 확인 필요,2026-10-05T05:25:26.773894+00:00,False
Crossref recent works,https://api.crossref.org/works?filter=from-pub-date:2026-10-01&rows=3,https://api.crossref.org/works?filter=from-pub-date:2026-10-01&rows=3,200,0,,실응답 확인; 어댑터·정책 검증 후 파일럿,별도 적용 확인 필요,2026-10-05T05:25:26.818777+00:00,False
arXiv AI RSS,https://rss.arxiv.org/rss/cs.AI,https://rss.arxiv.org/rss/cs.AI,200,402,,실응답 확인; 어댑터·정책 검증 후 파일럿,별도 적용 확인 필요,2026-10-05T05:25:26.882764+00:00,False
Nature news,https://www.nature.com/nature.rss,https://www.nature.com/nature.rss,200,75,,실응답 확인; 어댑터·정책 검증 후 파일럿,별도 적용 확인 필요,2026-10-05T05:25:26.987540+00:00,False
LG newsroom,https://www.lgnewsroom.com/feed/,https://lgnewsroom.com/feed/,200,0,,피드 항목 없음; 직접 적용 보류,별도 적용 확인 필요,2026-10-05T05:25:27.019430+00:00,False
Sony press RSS,https://www.sony.com/en/SonyInfo/News/Press/rss.xml,https://www.sony.com/en/SonyInfo/News/Press/rss.xml,403,0,,접근 실패; 채택 보류,별도 적용 확인 필요,2026-10-05T05:25:27.121734+00:00,False
CISA known exploited,https://www.cisa.gov/sites/default/files/feeds/known_exploited_vulnerabilities.json,https://www.cisa.gov/sites/default/files/feeds/known_exploited_vulnerabilities.json,200,0,,실응답 확인; 어댑터·정책 검증 후 파일럿,별도 적용 확인 필요,2026-10-05T05:25:27.192257+00:00,False
Bruce Schneier,https://www.schneier.com/feed/atom/,https://www.schneier.com/feed/atom/,200,10,,실응답 확인; 어댑터·정책 검증 후 파일럿,별도 적용 확인 필요,2026-10-05T05:28:19.127617+00:00,False
Troy Hunt,https://www.troyhunt.com/rss/,https://www.troyhunt.com/rss/,200,15,,실응답 확인; 어댑터·정책 검증 후 파일럿,별도 적용 확인 필요,2026-10-05T05:28:19.128103+00:00,False
Sebastian Raschka,https://magazine.sebastianraschka.com/feed,https://magazine.sebastianraschka.com/feed,200,20,ahead-of-ai,실응답 확인; 어댑터·정책 검증 후 파일럿,별도 적용 확인 필요,2026-10-05T05:28:19.128199+00:00,False
Lilian Weng,https://lilianweng.github.io/index.xml,https://lilianweng.github.io/index.xml,200,53,,저빈도 참고자료; 실시간 동향 대체 불가,별도 적용 확인 필요,2026-10-05T05:28:19.311413+00:00,False
Sam Altman blog,https://blog.samaltman.com/posts.atom,https://blog.samaltman.com/posts.atom,200,30,,저빈도 참고자료; 실시간 동향 대체 불가,별도 적용 확인 필요,2026-10-05T05:28:19.340487+00:00,False
IIJ engineers,https://eng-blog.iij.ad.jp/feed,https://eng-blog.iij.ad.jp/feed,200,10,,실응답 확인; 어댑터·정책 검증 후 파일럿,별도 적용 확인 필요,2026-10-05T05:28:19.773337+00:00,False
LINE engineering,https://engineering.linecorp.com/en/feed/,https://techblog.lycorp.co.jp/en/feed/index.xml,200,50,,실응답 확인; 어댑터·정책 검증 후 파일럿,별도 적용 확인 필요,2026-10-05T05:28:19.789543+00:00,False
LG official newsroom,https://www.lg.com/global/newsroom/,https://www.lg.com/global/newsroom/,200,0,,피드 항목 없음; 직접 적용 보류,별도 적용 확인 필요,2026-10-05T05:28:19.918385+00:00,False
