n,theme,channels,top_channel,top_channel_n,catalog_domains,top_channel_share
2224,ai__foundation_models,284,mastodon-mastodon-ai,218,133,0.098
2218,platform_sw__developer_tools,252,nhn-cloud-meetup-web,187,101,0.084
1701,security__app_cloud_security,177,moda-tw-web,381,102,0.224
1587,ai__ai_agents,232,mastodon-mastodon-ai,144,119,0.091
1351,platform_sw__app_ecosystem,187,mobile-dev-memo-web,506,112,0.375
1127,platform_sw__device_os,191,mastodon-tag-linux,96,100,0.085
1119,robotics_mobility__autonomous_driving,133,waymo-web,735,88,0.657
1048,connectivity__short_range_wireless,100,zigbee2mqtt-web,498,49,0.475
991,semis__ap_soc_npu,181,infineon-news-web,349,109,0.352
909,ai__ai_safety_eval,173,mastodon-mastodon-ai,172,99,0.189
854,ai__multimodal_perception,177,mastodon-mastodon-ai,38,77,0.044
841,ai__on_device_ai,190,github-trend-mlx,38,77,0.045
649,security__privacy_crypto,148,ico-news-web,67,78,0.103
598,cloud_data__data_ml_platform,139,stanford-hai-web,42,77,0.07
555,platform_sw__web_cross_platform,115,nhn-cloud-meetup-web,73,51,0.132
537,platform_sw__ux_accessibility,140,waymo-web,129,80,0.24
492,energy__power_efficiency,102,infineon-news-web,229,61,0.465
490,manufacturing__smart_factory,100,itri-news-web,204,64,0.416
487,health_tech__biosensing,163,github-wearable-health,30,80,0.062
474,connectivity__smart_home_iot,104,zigbee2mqtt-web,196,50,0.414
461,semis__sensor_chips,60,infineon-news-web,342,25,0.742
424,frontier__advanced_materials,87,itri-news-web,109,50,0.257
416,semis__power_rf_semis,49,infineon-news-web,340,19,0.817
413,cloud_data__infra_ops,121,nhn-cloud-meetup-web,44,70,0.107
404,robotics_mobility__sensing_digital_twin,115,github-trend-slam,46,65,0.114
393,security__device_security,136,moda-tw-web,50,78,0.127
380,security__identity_auth,107,moda-tw-web,74,69,0.195
362,energy__battery_charging,122,openalex-solid-state-battery,33,85,0.091
359,robotics_mobility__humanoid_embodied,117,github-vision-language-action,41,80,0.114
337,display_av__codec_streaming,115,mobile-dev-memo-web,41,71,0.122
330,robotics_mobility__sdv_cockpit,87,infineon-news-web,118,63,0.358
310,health_tech__medical_ai_samd,75,massdevice-web,46,33,0.148
284,ai__ai_coding,78,mastodon-mastodon-ai,36,46,0.127
276,display_av__display_panel,91,openalex-oled,23,60,0.083
276,display_av__xr_spatial,85,github-trend-openxr,24,41,0.087
276,cloud_data__cloud_platforms,93,nhn-cloud-meetup-web,41,58,0.149
249,connectivity__cellular_5g_6g,72,openalex-reconfigurable-intelligent-surface,34,51,0.137
232,connectivity__ran_core,63,openalex-6g,25,42,0.108
231,security__software_supply_chain,59,mastodon-tag-cybersecurity,53,37,0.229
229,semis__packaging_chiplet,42,itri-news-web,68,36,0.297
221,cloud_data__edge_cloud,74,zigbee2mqtt-web,90,34,0.407
221,display_av__audio_acoustics,84,openalex-hearing-aid,19,52,0.086
214,security__ai_security_provenance,81,devto-security,14,54,0.065
209,cloud_data__ai_datacenter,73,datacenterknowledge,24,59,0.115
203,display_av__picture_processing,89,zol-web,14,50,0.069
201,ai__model_efficiency,70,mastodon-mastodon-ai,18,26,0.09
196,connectivity__network_ops,71,openwrt-news-web,45,43,0.23
180,display_av__camera_imaging,90,mastodon-tag-apple,9,46,0.05
123,health_tech__remote_care,40,openalex-remote-patient-monitoring,28,15,0.228
122,semis__memory_storage,74,trendforce-web,8,53,0.066
116,energy__circular_materials,62,a-star-news-web,10,44,0.086
111,robotics_mobility__home_service_robot,45,crossref-robot-vacuum,21,34,0.189
96,frontier__quantum,49,openalex-matter-protocol,11,24,0.115
94,manufacturing__quality_inspection,31,a-star-news-web,16,15,0.17
90,energy__home_energy,48,mastodon-tag-solar,7,28,0.078
77,manufacturing__logistics_automation,47,lg-cns-blog-web,9,40,0.117
75,connectivity__satellite_ntn,46,computerweekly-web,6,37,0.08
62,frontier__neuromorphic_photonic,35,openalex-chiplet,6,19,0.097
58,health_tech__aging_care,35,waymo-web,6,21,0.103
51,health_tech__health_data_interop,25,mila-news-web,6,15,0.118
40,manufacturing__factory_robotics,25,crossref-robot-vacuum,4,16,0.1
31,frontier__neurotech_bci,12,mila-news-web,8,9,0.258
