id,key,new,old,name,runs,seen,items,errors,status,skipped,success,last_http,incomplete,last_error,latest_run,lease_until,next_due_at,endpoint_url,not_modified,access_method,paused_reason,last_attempt_at,last_items_seen,last_success_at,consecutive_idle,interval_seconds,validation_stage,last_fetch_outcome,last_validation_at,consecutive_failures,last_validation_stage,last_validation_outcome,last_validation_reasons,collectable,assessment
1121,bosch-press-web,0,8,Bosch Press,24,0,14,0,candidate,0,24,200,0,,2026-10-05T05:40:16.731045+00:00,,2026-10-05T06:40:16.731045+00:00,https://www.bosch-presse.de/,0,crawler,,2026-10-05T05:40:16.731045+00:00,0,2026-10-05T05:40:16.731045+00:00,29,3600,V4,success,2026-10-05T02:23:14.396739+00:00,0,V4,passed,[],True,running_with_items
1141,boston-dynamics-blog-web,0,33,Boston Dynamics Blog,24,0,36,0,candidate,0,24,200,0,,2026-10-05T05:41:15.305436+00:00,,2026-10-05T06:41:15.305436+00:00,https://bostondynamics.com/sitemap_index.xml,0,sitemap,,2026-10-05T05:41:15.305436+00:00,0,2026-10-05T05:41:15.305436+00:00,29,3600,V4,success,2026-10-05T02:23:14.396739+00:00,0,V4,passed,[],True,running_with_items
1142,brookings-tech-web,0,0,Brookings Technology,23,0,4,0,candidate,0,23,200,0,,2026-10-05T05:26:21.919108+00:00,,2026-10-05T06:26:21.919108+00:00,https://www.brookings.edu/topics/technology-innovation/,0,crawler,,2026-10-05T05:26:21.919108+00:00,0,2026-10-05T05:26:21.919108+00:00,28,3600,V4,success,2026-10-05T02:23:14.396739+00:00,0,V4,passed,[],True,running_with_items
1144,cmu-news-web,0,2,Carnegie Mellon News,23,0,5,0,candidate,0,23,200,0,,2026-10-05T05:26:22.525876+00:00,,2026-10-05T06:26:22.525876+00:00,https://www.cmu.edu/news/,0,crawler,,2026-10-05T05:26:22.525876+00:00,0,2026-10-05T05:26:22.525876+00:00,28,3600,V4,success,2026-10-05T02:23:14.396739+00:00,0,V4,passed,[],True,running_with_items
1146,counterpoint-web,0,0,Counterpoint Research Insights,23,0,11,0,candidate,0,23,200,0,,2026-10-05T05:27:13.336156+00:00,,2026-10-05T06:27:13.336156+00:00,https://www.counterpointresearch.com/insight,0,crawler,,2026-10-05T05:27:13.336156+00:00,0,2026-10-05T05:27:13.336156+00:00,28,3600,V4,success,2026-10-05T02:23:14.396739+00:00,0,V4,passed,[],True,running_with_items
1147,covesa-web,0,59,COVESA,23,0,63,0,candidate,0,23,200,0,,2026-10-05T05:27:13.308593+00:00,,2026-10-05T06:27:13.308593+00:00,https://covesa.global/sitemap_index.xml,0,sitemap,,2026-10-05T05:27:13.308593+00:00,0,2026-10-05T05:27:13.308593+00:00,27,3600,V4,success,2026-10-05T02:23:14.396739+00:00,0,V4,passed,[],True,running_with_items
1217,debian-news-web,0,0,Debian News,44,0,20,1,candidate,0,43,200,0,,2026-10-05T05:29:18.169675+00:00,,2026-10-05T05:59:18.169675+00:00,https://www.debian.org/News/,0,crawler,,2026-10-05T05:29:18.169675+00:00,0,2026-10-05T05:29:18.169675+00:00,51,1800,V4,success,2026-10-05T02:23:14.396739+00:00,0,V4,passed,[],True,running_with_items
1194,e4ds-web,0,0,e4ds 뉴스,24,0,40,0,candidate,0,24,200,0,,2026-10-05T05:41:16.931825+00:00,,2026-10-05T06:41:16.931825+00:00,https://www.e4ds.com/news-sitemap.xml,0,sitemap,,2026-10-05T05:41:16.931825+00:00,0,2026-10-05T05:41:16.931825+00:00,29,3600,V4,success,2026-10-05T02:23:14.396739+00:00,0,V4,passed,[],True,running_with_items
1126,epfl-news-web,0,0,EPFL News,23,0,7,0,candidate,0,23,200,0,,2026-10-05T05:43:15.467139+00:00,,2026-10-05T06:43:15.467139+00:00,https://actu.epfl.ch/,0,crawler,,2026-10-05T05:43:15.467139+00:00,0,2026-10-05T05:43:15.467139+00:00,28,3600,V4,success,2026-10-05T02:23:14.396739+00:00,0,V4,passed,[],True,running_with_items
1219,gentoo-news-web,0,2,Gentoo News,43,0,86,0,candidate,0,43,200,0,,2026-10-05T05:30:13.241291+00:00,,2026-10-05T06:00:13.241291+00:00,https://www.gentoo.org/news/,0,crawler,,2026-10-05T05:30:13.241291+00:00,0,2026-10-05T05:30:13.241291+00:00,49,1800,V4,success,2026-10-05T02:23:14.396739+00:00,0,V4,passed,[],True,running_with_items
1182,honda-news-web,0,3,Honda Global News,23,0,6,0,candidate,0,23,200,0,,2026-10-05T05:28:13.288747+00:00,,2026-10-05T06:28:13.288747+00:00,https://global.honda/en/newsroom/,0,crawler,,2026-10-05T05:28:13.288747+00:00,0,2026-10-05T05:28:13.288747+00:00,28,3600,V4,success,2026-10-05T02:23:14.396739+00:00,0,V4,passed,[],True,running_with_items
1154,intel-web,0,8,Intel Newsroom,23,0,12,0,candidate,0,23,200,0,,2026-10-05T05:27:17.619891+00:00,,2026-10-05T06:27:17.619891+00:00,https://www.intc.com/sitemap.xml,0,sitemap,,2026-10-05T05:27:17.619891+00:00,0,2026-10-05T05:27:17.619891+00:00,28,3600,V4,success,2026-10-05T02:23:14.396739+00:00,0,V4,passed,[],True,running_with_items
1202,kist-news-web,0,37,KIST 소식,24,0,58,0,candidate,0,24,200,0,,2026-10-05T05:40:13.741366+00:00,,2026-10-05T06:40:13.741366+00:00,https://www.kist.re.kr/,0,crawler,,2026-10-05T05:40:13.741366+00:00,0,2026-10-05T05:40:13.741366+00:00,28,3600,V4,success,2026-10-05T02:23:14.396739+00:00,0,V4,passed,[],True,running_with_items
1205,lguplus-news-web,0,14,LG유플러스 뉴스룸,24,0,29,0,candidate,0,24,200,0,,2026-10-05T05:41:17.005372+00:00,,2026-10-05T06:41:17.005372+00:00,https://news.lguplus.com/,0,crawler,,2026-10-05T05:41:17.005372+00:00,0,2026-10-05T05:41:17.005372+00:00,29,3600,V4,success,2026-10-05T02:23:14.396739+00:00,0,V4,passed,[],True,running_with_items
1220,mastodon-blog-web,0,203,Mastodon Blog,43,0,212,0,candidate,0,43,200,0,,2026-10-05T05:26:19.182817+00:00,,2026-10-05T05:56:19.182817+00:00,https://blog.joinmastodon.org/sitemap.xml,0,sitemap,,2026-10-05T05:26:19.182817+00:00,0,2026-10-05T05:26:19.182817+00:00,46,1800,V4,success,2026-10-05T02:23:14.396739+00:00,0,V4,passed,[],True,running_with_items
1159,mit-csail-web,0,2,MIT CSAIL News,23,0,6,0,candidate,0,23,200,0,,2026-10-05T05:27:26.388848+00:00,,2026-10-05T06:27:26.388848+00:00,https://www.csail.mit.edu/news,0,crawler,,2026-10-05T05:27:26.388848+00:00,0,2026-10-05T05:27:26.388848+00:00,28,3600,V4,success,2026-10-05T02:23:14.396739+00:00,0,V4,passed,[],True,running_with_items
1222,mozilla-hacks-web,0,0,Mozilla Hacks,43,0,11,0,candidate,0,43,200,0,,2026-10-05T05:33:14.658949+00:00,,2026-10-05T06:03:14.658949+00:00,https://hacks.mozilla.org/,0,crawler,,2026-10-05T05:33:14.658949+00:00,0,2026-10-05T05:33:14.658949+00:00,51,1800,V4,success,2026-10-05T02:23:14.396739+00:00,0,V4,passed,[],True,running_with_items
1223,openhab-blog-web,0,1,openHAB Blog,44,0,32,0,candidate,0,44,200,0,,2026-10-05T05:34:14.902714+00:00,,2026-10-05T06:04:14.902714+00:00,https://www.openhab.org/blog/,0,crawler,,2026-10-05T05:34:14.902714+00:00,0,2026-10-05T05:34:14.902714+00:00,52,1800,V4,success,2026-10-05T02:23:14.396739+00:00,0,V4,passed,[],True,running_with_items
1178,oppo-news-web,0,7,OPPO Newsroom,24,0,78,0,candidate,0,24,200,0,,2026-10-05T05:40:25.98423+00:00,,2026-10-05T06:40:25.98423+00:00,https://www.oppo.com/sitemap.xml,0,sitemap,,2026-10-05T05:40:25.98423+00:00,0,2026-10-05T05:40:25.98423+00:00,28,3600,V4,success,2026-10-05T02:23:14.396739+00:00,0,V4,passed,[],True,running_with_items
1212,postech-news-web,0,6,POSTECH 뉴스,24,0,32,0,candidate,0,24,200,0,,2026-10-05T05:41:17.792819+00:00,,2026-10-05T06:41:17.792819+00:00,https://www.postech.ac.kr/,0,crawler,,2026-10-05T05:41:17.792819+00:00,0,2026-10-05T05:41:17.792819+00:00,29,3600,V4,success,2026-10-05T02:23:14.396739+00:00,0,V4,passed,[],True,running_with_items
1187,sharp-news-web,0,4,Sharp News,23,0,7,0,candidate,0,23,200,0,,2026-10-05T05:28:13.260128+00:00,,2026-10-05T06:28:13.260128+00:00,https://global.sharp/corporate/news/,0,crawler,,2026-10-05T05:28:13.260128+00:00,0,2026-10-05T05:28:13.260128+00:00,28,3600,V4,success,2026-10-05T02:23:14.396739+00:00,0,V4,passed,[],True,running_with_items
1134,signify-news-web,0,222,Signify News,25,0,225,0,candidate,0,25,200,0,,2026-10-05T05:41:16.940338+00:00,,2026-10-05T06:41:16.940338+00:00,https://www.signify.com/sitemap-signify-cs_CZ-web-index.xml,0,sitemap,,2026-10-05T05:41:16.940338+00:00,0,2026-10-05T05:41:16.940338+00:00,26,3600,V4,success,2026-10-05T02:23:14.396739+00:00,0,V4,passed,[],True,running_with_items
1214,sk-ax-blog-web,0,178,SK AX 인사이트,24,0,187,0,candidate,0,24,200,0,,2026-10-05T05:40:18.43113+00:00,,2026-10-05T06:40:18.43113+00:00,https://www.skax.co.kr/sitemap.xml,0,sitemap,,2026-10-05T05:40:18.43113+00:00,0,2026-10-05T05:40:18.43113+00:00,26,3600,V4,success,2026-10-05T02:23:14.396739+00:00,0,V4,passed,[],True,running_with_items
1135,st-newsroom-web,0,1,STMicroelectronics Newsroom,23,0,4,0,candidate,0,23,200,0,,2026-10-05T05:26:22.073433+00:00,,2026-10-05T06:26:22.073433+00:00,https://newsroom.st.com/,0,crawler,,2026-10-05T05:26:22.073433+00:00,0,2026-10-05T05:26:22.073433+00:00,28,3600,V4,success,2026-10-05T02:23:14.396739+00:00,0,V4,passed,[],True,running_with_items
1169,verizon-news-web,0,143,Verizon News,26,0,222,0,candidate,0,26,200,0,,2026-10-05T05:42:13.855988+00:00,,2026-10-05T06:42:13.855988+00:00,https://www.verizon.com/content/support.sitemap-index.xml,0,sitemap,,2026-10-05T05:42:13.855988+00:00,0,2026-10-05T05:42:13.855988+00:00,26,3600,V4,success,2026-10-05T02:23:14.396739+00:00,0,V4,passed,[],True,running_with_items
1170,wareable-web,0,21,Wareable,24,0,32,0,candidate,0,24,200,0,,2026-10-05T05:41:15.655088+00:00,,2026-10-05T06:41:15.655088+00:00,https://www.wareable.com/,0,crawler,,2026-10-05T05:41:15.655088+00:00,0,2026-10-05T05:41:15.655088+00:00,29,3600,V4,success,2026-10-05T02:23:14.396739+00:00,0,V4,passed,[],True,running_with_items
